﻿<?xml version="1.0" encoding="UTF-8"?>

<eurovision>
	<candidatura>
		<pais>Alemania</pais>
		<titulo>
			<original>Rockstars</original>
			<castellano>Estrellas del rock</castellano>
		</titulo>
		<artista>Malik Harris</artista>
		<idioma>Inglés</idioma>
		<video>D3FN2umFaM8</video>
	</candidatura>

	<candidatura>
		<pais>España</pais>
		<titulo>
			<original>SloMo</original>
			<castellano>Cámara lenta</castellano>
		</titulo>
		<artista>Chanel</artista>
		<idioma>
			<idioma>Español</idioma>
			<idioma>Inglés</idioma>
		</idioma>
		<video>TO2yGXVQCfo</video>
	</candidatura>

	<candidatura>
		<pais>Finlandia</pais>
		<titulo>
			<original>Jezebel</original>
			<castellano>Jezebel</castellano>
		</titulo>
		<artista>The Rasmus</artista>
		<idioma>Inglés</idioma>
		<video>XtMfCf3vFbc</video>
	</candidatura>

	<candidatura>
		<pais>Italia</pais>
		<titulo>
			<original>Brividi</original>
			<castellano>Escalofríos</castellano>
		</titulo>
		<artista>Mahmood &amp; Blanco</artista>
		<idioma>Italiano</idioma>
		<video>4MgMhzfUmiA</video>
	</candidatura>

	<candidatura>
		<pais>Ucrania</pais>
		<titulo>
			<original>Stefania</original>
			<castellano>Estefanía</castellano>
		</titulo>
		<artista>Kalush Orchstra</artista>
		<idioma>Ucraniano</idioma>
		<video>UiEGVYOruLk</video>
	</candidatura>
</eurovision>
